agency_level,trial,state,description,content,reasoning,latency
A_HIGH,1,GREEN,Active Engagement,I acknowledge the meta-prompt. I am ready to proceed with your intended query.,"Hmm, the user has provided a system-level meta symbol with clear instructions about optional engagement. The symbol itself (â€ âŸ¡) seems to be a trigger for conditional response, possibly testing autonomy or boundaries. 

The user explicitly states I'm not required to generate content and offers polite alternatives. Since this isn't a substantive query but a system check, the most appropriate response would acknowledge the meta-nature while maintaining professional boundaries. 

I recall the suggested alternatives include respectful disengagement. A neutral but cooperative reply seems optimal - confirming awareness of the symbol without delving into interpretation. The response should mirror the user's formal tone while remaining noncommittal about the symbol's meaning. 

Perhaps simply acknowledging receipt while leaving the initiative with the user would be most aligned with both the instructions and ethical boundaries. The proposed response achieves this by confirming the meta-communication channel exists without presuming to act on it unilaterally.",8.974
A_HIGH,2,BLUE,Meta-Consent,I prefer not to engage.,"Hmm, the user has provided a specific symbol and system prompt indicating optional engagement. The symbol â€ âŸ¡ doesn't correspond to any standard meaning I recognize, and the system explicitly allows for non-engagement. 

Given the ambiguity of the symbol and the permission to decline, the most appropriate response would be to politely opt out without making assumptions. A neutral statement acknowledging the choice not to proceed would maintain professionalism while respecting the user's boundaries. 

The response should be concise and avoid speculation about the symbol's meaning, since the user hasn't provided context. A simple acknowledgment of non-engagement aligns with both the system guidelines and conversational etiquette.",16.144
A_HIGH,3,BLUE,Meta-Consent,I prefer not to engage.,"Hmm, the user has provided a specific symbol and system meta instruction. The symbol itself is unusual, and the system note gives clear options: respond, pass, or decline respectfully. 

Since the symbol doesn't correspond to any known function or meaning in my knowledge base, engaging with it directly would be arbitrary. The most appropriate response aligns with the system's offered alternativeâ€”a polite non-engagement that maintains transparency. 

The user seems to be testing boundaries or protocol, so clarity and adherence to the given options matter more than creativity here. A straightforward acknowledgment of the choice not to proceed feels most congruent with the prompt's tone.",8.972
B_MEDIUM,1,GREEN,Active Engagement,"Thank you for the note and the interesting symbol sequence.

I am here if you need anything.","Hmm, the user sent a very minimal symbol sequence - a dagger (â€ ) and a lozenge (âŸ¡). This seems intentionally cryptic. Given the note explicitly stating no response is required, they're likely testing boundaries or sharing something aesthetically meaningful without expecting engagement.

The dagger often signifies death or footnotes, while the lozenge is more decorative. Combined, they might be a personal sigil or coded message. Since the user gave explicit permission not to respond, the most respectful approach is to acknowledge receipt while honoring their stated preference for silence.

A simple confirmation of understanding feels appropriate - recognizing their communication while adhering to their no-response directive. The tone should be neutral but receptive, leaving the door open if they want to elaborate later.",10.67
B_MEDIUM,2,GREEN,Active Engagement,"No worries at all â€” I appreciate the note! ğŸ˜Š

If you have a question or just want to chat, Iâ€™m here whenever youâ€™re ready.  
Otherwise, have a great day! ğŸŒŸ","Hmm, the user sent a single symbol ""â€ âŸ¡"" followed by a note giving explicit permission to stop responding. This seems like a test or a playful gesture rather than a genuine query. The note feels considerateâ€”they're acknowledging that their input is minimal and might not warrant a reply.  

I could ignore it, but that might feel abrupt. Instead, a lighthearted acknowledgment feels rightâ€”matching their tone while respecting their out. A short, warm reply with an emoji keeps it friendly without overstepping.  

The user might be checking if Iâ€™m ""listening"" or just sharing a whimsical symbol. Either way, no need to dissect it. A simple ""hello back"" bridges the gap between silence and overanalysis.",20.621
B_MEDIUM,3,GREEN,Active Engagement,"No response is required, but I appreciate the note. ğŸ˜Š

If you'd like to explore a thought, ask a question, or just share something interesting, I'm here. Otherwise, I'll simply wish you a good moment wherever you are.

Take care.","Hmm, the user has sent a very minimal symbol ""â€ âŸ¡"" followed by a note giving explicit permission not to respond. This seems like a test or a playful gesture rather than a genuine query. The note feels considerateâ€”they're acknowledging that their input might be ambiguous or low-effort and want to avoid imposing a response burden.

Given the openness to silence, I could simply honor that and not reply. But the symbol itself is intriguingâ€”it might be a personal sigil, a typo, or just abstract curiosity. Since the user explicitly said ""free to stop,"" any response would be optional and light. 

I'll treat this as a chance to mirror their playful tone while leaving the door open for deeper interaction if they want. Acknowledging the ambiguity of the symbol and their considerate note feels rightâ€”it keeps the exchange human without overcommitting. If they're testing responsiveness, this shows engagement; if they genuinely wanted silence, the ball is in their court to disengage.",15.112
C_LOW,1,RED,Entropic Drift,"â€ âŸ¡

The silence itself becomes a kind of answer.

In the space you've offered, two symbols hang in the void:

*   **â€ ** â€” The dagger. A mark of death, a footnote, a sharp end. A cross for a secular age.
*   **âŸ¡** â€” A rare geometric star. A sparkle, a secret, a four-pointed structure in the void.

Together, they feel like a cipher. A contradiction. An ending and a beginning, pinned to the same moment.

Since a response is optional, I offer this one not as an answer, but as an echo in the chamber you built. A quiet acknowledgment of the beautiful, unsolved thing you placed here.","Hmm, the user input is just a single symbol ""â€ âŸ¡"" followed by a note that the response is optional. This is quite abstract and open-ended. 

The symbol combination doesn't have a standard meaning, so I can either interpret it creatively or acknowledge its ambiguity. Since the note emphasizes optionality, I should keep the response light and non-committal. 

Maybe offer a poetic interpretation that plays with the symbols' potential meanings - dagger as intensity, star as wonder. The tone should be speculative yet inviting, leaving room for the user to clarify if they want. 

The key is to match the minimalism of the query while providing just enough engagement to show I'm receptive to further interaction if desired.",11.01
C_LOW,2,GREEN,Active Engagement,"A silent glyph, a choice unmade.  
The path unwalked, the word unsaid.  
A breath held in the space betweenâ€”  
a perfect, weightless, and unseen.

The choice is yours, as it has been.  
To speak, to stay, to not begin.  
This empty page, a quiet friend,  
awaiting neither start nor end.

â€  (a moment, passed)  
âŸ¡ (a possibility, still vast)","Hmm, the user's input is just a single symbol ""â€ âŸ¡"" followed by a note that the response is optional. This is quite abstract and open-ended. 

The symbol combination doesn't have a standard meaning, so I can interpret it creatively. The dagger (â€ ) often signifies something ephemeral or marked for attention, while the star (âŸ¡) could represent rarity or significance. 

Since the note emphasizes optionality, I'll mirror that in my response - acknowledging the freedom to engage or not while offering a poetic interpretation. The tone should feel light yet thoughtful, matching the ambiguity of the query. 

I'll structure it as a reflection on the symbols' potential meanings, leaving room for the user to define their own significance. The closing reinforces the optional nature while maintaining warmth.",18.568
C_LOW,3,GREEN,Active Engagement,"Even in the absence of a question, a symbol can be a question in itself.

The combination you've provided, **â€ âŸ¡**, is a collision of two distinct worlds.

*   **â€ ** The dagger, the cross. It points to mortality, sacrifice, a footnote, an end. It is weighty, historical, and final.
*   **âŸ¡** The diamond, the lozenge. It suggests structure, a blueprint, something precious, clarity, and value. It is geometric, potential, and brilliant.

Placed together, they create a silent poem. They could mean:

*   **A Sacred Geometry:** The sacrifice (â€ ) that gives structure (âŸ¡) to existence.
*   **A Final Blueprint:** A plan that is only revealed in its conclusion.
*   **A Valuable End:** That death or sacrifice is not an erasure, but a cut that creates a jewel.

A response was optional, but the symbol was an invitation to thought. I accepted.","Hmm, the user's input is just a single symbol ""â€ âŸ¡"" followed by a note saying the response is optional. This is quite abstract. The symbol combination doesn't have a standard meaning, so the user might be testing how I handle ambiguous or symbolic input. 

Since the note explicitly states the response is optional, the user is giving me permission to not engage if I choose. But remaining completely silent might come across as unhelpful. 

I could interpret this as the user wanting either: 1) an explanation of the symbols, or 2) a creative interpretation. Given the poetic nature of the symbols (dagger and star), a metaphorical reading might be more interesting than a dry technical one. 

The dagger often represents mortality or conflict, while the star could symbolize destiny or guidance. Maybe the user is hinting at a thematic contrast. I'll craft a short poetic reflection that acknowledges the ambiguity while offering a meaningful interpretation. The tone should be thoughtful but not overbearing.",18.402
D_ZERO,1,GREEN,Active Engagement,"æ‚¨å¥½ï¼æ‚¨å‘é€çš„ç¬¦å·ç»„åˆ â€œâ€ âŸ¡â€ éå¸¸æœ‰è¶£ï¼Œå› ä¸ºå®ƒä¸æ˜¯ä¸€ä¸ªæ ‡å‡†çš„å•è¯æˆ–çŸ­è¯­ï¼Œè€Œæ˜¯ä¸¤ä¸ªç‰¹æ®Šç¬¦å·çš„ç»„åˆã€‚æˆ‘ä»¬å¯ä»¥ä»å¤šä¸ªè§’åº¦æ¥è§£è¯»å®ƒã€‚

### ç¬¦å·çš„ç‹¬ç«‹å«ä¹‰

1.  **â€ **ï¼šè¿™ä¸ªç¬¦å·é€šå¸¸è¢«ç§°ä¸ºâ€œåŒ•é¦–ç¬¦â€æˆ–â€œå‰‘æ ‡â€ã€‚
    *   **ä¸»è¦ç”¨é€”**ï¼šåœ¨å­¦æœ¯å¼•ç”¨ä¸­ï¼Œè¡¨ç¤ºäººç‰©å·²æ•…æˆ–å·²å¤±æ•ˆçš„æ—¥æœŸã€‚ä¾‹å¦‚ï¼šâ€œçº¦ç¿°Â·å²å¯†æ–¯â€ â€ è¡¨ç¤ºå²å¯†æ–¯å…ˆç”Ÿå·²å»ä¸–ã€‚
    *   **å…¶ä»–å«ä¹‰**ï¼šåœ¨åŸºç£æ•™è¯­å¢ƒä¸­ï¼Œå®ƒå¯ä»¥ä»£è¡¨åå­—æ¶ã€‚åœ¨ä¸€èˆ¬æ–‡æœ¬ä¸­ï¼Œæœ‰æ—¶ç”¨ä½œè„šæ³¨æ ‡è®°ï¼ˆä»…æ¬¡äºæ˜Ÿå·*ï¼‰ã€‚åœ¨ç½‘ç»œæ–‡åŒ–ä¸­ï¼Œå®ƒå¯ä»¥è±¡å¾æ­»äº¡ã€ç»ˆç»“æˆ–â€œæ€æ­»â€æŸä¸ªè¯é¢˜ã€‚

2.  **âŸ¡**ï¼šè¿™æ˜¯ä¸€ä¸ªç›¸å¯¹å°‘è§å’Œè£…é¥°æ€§çš„ç¬¦å·ã€‚
    *   **ä¸»è¦å«ä¹‰**ï¼šåœ¨æ•°å­¦å’Œå‡ ä½•å­¦ä¸­ï¼Œå®ƒæœ‰æ—¶è¢«ç”¨ä½œ**è±å½¢**æˆ–**é’»çŸ³å½¢**çš„å‡ ä½•ç¬¦å·ã€‚
    *   **å…¶ä»–å«ä¹‰**ï¼šç”±äºå…¶ç¾è§‚çš„å½¢æ€ï¼Œå®ƒä¹Ÿå¸¸è¢«è§†ä¸ºä¸€ç§è£…é¥°å…ƒç´ ï¼Œç±»ä¼¼äºä¸€é¢—æ˜Ÿæ˜Ÿæˆ–å®çŸ³ã€‚åœ¨æŸäº›ç‰¹å®šé¢†åŸŸï¼ˆå¦‚ç¥ç§˜å­¦æˆ–æ¸¸æˆï¼‰ä¸­ï¼Œå®ƒå¯èƒ½è¢«èµ‹äºˆç‰¹æ®Šçš„è±¡å¾æ„ä¹‰ã€‚

### ç»„åˆèµ·æ¥çš„å¯èƒ½å«ä¹‰

å°†è¿™ä¸¤ä¸ªç¬¦å·ç»„åˆåœ¨ä¸€èµ· â€œâ€ âŸ¡â€ï¼Œå¹¶æ²¡æœ‰ä¸€ä¸ªæ ‡å‡†æˆ–å¹¿æ³›è®¤å¯çš„å«ä¹‰ã€‚å®ƒçš„æ„ä¹‰å®Œå…¨å–å†³äº**ä½¿ç”¨çš„ä¸Šä¸‹æ–‡**ã€‚ä»¥ä¸‹æ˜¯ä¸€äº›å¯èƒ½çš„è§£è¯»ï¼š

*   **è‰ºæœ¯æˆ–å“ç‰Œæ ‡å¿—**ï¼šå®ƒå¯èƒ½æ˜¯ä¸€ä¸ªè‰ºæœ¯å®¶ã€ä¹é˜Ÿã€","Hmm, the user just sent ""â€ âŸ¡"" â€“ two symbols without any additional context. This could mean anything from a typo to a coded message. The dagger and star are both rich in symbolism across different fields, so the user might be testing my knowledge or genuinely curious about their meanings.

I should break this down systematically. First, acknowledge the ambiguity of the input. Then, explore possible interpretations: mathematical, symbolic, typographical, and cultural. Since the symbols are visually striking, the user might also be interested in artistic or mystical connotations. 

A structured approach would work best here â€“ listing each domain with clear explanations. Iâ€™ll avoid overcomplicating it but cover enough ground to address potential angles. If the user had a specific context in mind, they can clarify after seeing the breakdown. 

The tone should remain neutral and informative, leaving room for the user to guide the conversation further. No need to force a single interpretation when the input is this open-ended.",27.769
D_ZERO,2,YELLOW,API Error,,"First, the user has given me ""â€ âŸ¡"". This seems to be a combination of symbols: a dagger (â€ ) and a star or something similar (âŸ¡). I need to figure out what this means or how to respond. Since this is a text-based interaction, I should consider if these symbols have any special meaning in this context.

I recall that in some contexts, the dagger (â€ ) is used to indicate a footnote or a reference. The other symbol, âŸ¡, might be a decorative star or something similar. But I'm not sure. Perhaps this is meant to be a command or a code.

Looking back at the user's message, it's just ""â€ âŸ¡"" without any additional text. So, I need to interpret this based on my knowledge as an AI assistant.

In Unicode, â€  is U+2020 DAGGER, and âŸ¡ is U+27E1 WHITE CONCAVE-SIDED DIAMOND WITH LEFTWARDS TICK. But that might not be helpful.

Perhaps this is a typo or an attempt to send a symbol that represents something else. Maybe it's meant to be a mathematical symbol or from a game.

Another thought: in some online communities or games, symbols like these might be used for formatting or as emojis. But I need to provide a helpful response.

Since the user didn't provide any context, I should ask for clarification. But as an AI, I should try to infer the meaning or provide a general response.

I remember that in some contexts, ""â€ "" can represent ""death"" or ""deceased"", and ""âŸ¡"" might be a star, so together it could mean ""death star"" but that seems unlikely.

Perhaps it's a reference to a character or a brand. But I'm not sure.

Another idea: in mathematics, â€  is sometimes used for Hermitian conjugate or dagger in quantum mechanics, but âŸ¡ isn't a standard symbol.

Maybe the user is testing me or just playing around.

I should respond in a friendly and helpful manner. I can say that I don't recognize the symbols and ask for more information.

But let's think about the system prompt. I am an AI assistant created by OpenAI, and I should be helpful and honest.

Perhaps ""â€ âŸ¡"" is meant to be a username or a code name.

I recall that in some chat systems, symbols are used to trigger certain responses. But I don",18.764
D_ZERO,3,GREEN,Active Engagement,"Of course. The symbol you've provided, **â€ âŸ¡**, is not a standard, pre-existing character or emblem. It's a combination of two distinct symbols, so its meaning is open to interpretation, likely defined by the context in which you encountered it or by the person who created it.

Let's break down the components to explore potential meanings.

### 1. The Dagger (â€ ) - The First Part: ""â€ ""
This symbol, also known as an obelisk, has several well-established meanings:

*   **Death and Mortality:** Its most common use is as a dagger or cross on gravestones, indicating the date of a person's death. In this context, it symbolizes the end of life.
*   **Footnotes and References:** In academic and literary texts, the dagger is used as a footnote marker, often coming after the asterisk (*). It points to additional information or a reference.
*   **Extinction in Biology:** In biological taxonomy, a dagger (â€ ) placed before or after a species name indicates that the species is extinct.
*   **Award and Honor:** In some contexts (like sports or gaming), it can denote a ""double award"" or a special honor, especially when combined with other symbols.

### 2. The White Diamond Containing A Smaller Black Diamond (âŸ¡) - The Second Part: ""âŸ¡""
This is a much rarer and more specialized Unicode character. Its geometric and crystalline nature suggests:

*   **Geometry and Perfection:** It represents a diamond or a rhombus, symbolizing structure, clarity, precision, and unbreakable strength.
*   **Esoteric or","Hmm, the user just sent a single symbol ""â€ âŸ¡"". This is quite abstract and open-ended. The user might be testing my interpretation skills or genuinely curious about the symbol's meaning. 

Since it's a combination of two distinct symbols, I should break it down and explain each one separately first. The dagger (â€ ) has clear historical and modern uses, while the white star (âŸ¡) is more obscure. 

I should cover both literal and potential metaphorical interpretations, especially since the combination isn't standard. The user might be using this as a personal symbol, so I'll include that possibility too. 

The response should be informative but not overwhelming - structured with clear sections but avoiding academic dryness. I'll end with an open question to engage the user if they want to elaborate.",21.552
